"Date","Instagram Profile","Followers","Net Follower Growth","Followers Gained","Followers Lost","Following","Net Following Growth","Published Posts & Stories","Impressions","Reach","Engagements","Likes","Comments","Saves","Story Replies","Profile Actions","Engagement Rate (per Impression)"
"06-30-2021","ucberkeleysummer","1,462","1","1","0","113","0","0","69","3","0","0","0","0","0","0","0%"
"06-30-2021","ucbstudyabroad","2,244","2","2","0","223","0","0","123","90","17","16","0","1","0","1","13.82%"
"07-01-2021","ucberkeleysummer","1,463","1","1","0","113","0","1","151","132","2","2","0","0","0","1","1.32%"
"07-01-2021","ucbstudyabroad","2,245","1","2","1","223","0","1","433","271","12","12","0","0","0","0","2.77%"
"07-02-2021","ucberkeleysummer","1,466","3","3","0","113","0","0","43","42","1","1","0","0","0","0","2.33%"
"07-02-2021","ucbstudyabroad","2,241","-4","1","5","223","0","0","81","61","4","4","0","0","0","0","4.94%"
"07-03-2021","ucberkeleysummer","1,466","0","0","0","113","0","0","13","10","0","0","0","0","0","0","0%"
"07-03-2021","ucbstudyabroad","2,241","0","2","2","223","0","0","69","21","2","2","0","0","0","0","2.9%"
"07-04-2021","ucberkeleysummer","1,466","0","0","0","113","0","0","57","11","0","0","0","0","0","0","0%"
"07-04-2021","ucbstudyabroad","2,241","0","0","0","223","0","0","4","4","0","0","0","0","0","0","0%"
"07-05-2021","ucberkeleysummer","1,466","0","0","0","113","0","0","23","2","0","0","0","0","0","0","0%"
"07-05-2021","ucbstudyabroad","2,241","0","1","1","223","0","0","18","5","0","0","0","0","0","0","0%"
"07-06-2021","ucberkeleysummer","1,463","-3","0","3","113","0","1","261","225","10","9","1","0","0","0","3.83%"
"07-06-2021","ucbstudyabroad","2,238","-3","0","3","223","0","1","310","232","0","0","0","0","0","1","0%"
"07-07-2021","ucberkeleysummer","1,458","-5","1","6","113","0","0","59","58","5","4","1","0","0","1","8.47%"
"07-07-2021","ucbstudyabroad","2,237","-1","1","2","223","0","0","85","76","17","17","0","0","0","0","20%"
"07-08-2021","ucberkeleysummer","1,458","0","0","0","113","0","0","13","9","0","0","0","0","0","0","0%"
"07-08-2021","ucbstudyabroad","2,238","1","3","2","223","0","0","76","32","6","6","0","0","0","0","7.89%"
"07-09-2021","ucberkeleysummer","1,457","-1","1","2","113","0","2","357","198","6","5","0","1","0","0","1.68%"
"07-09-2021","ucbstudyabroad","2,239","1","2","1","223","0","1","310","250","7","7","0","0","0","0","2.26%"
"07-10-2021","ucberkeleysummer","1,456","-1","2","3","113","0","0","118","67","5","5","0","0","0","0","4.24%"
"07-10-2021","ucbstudyabroad","2,238","-1","2","3","223","0","0","58","47","3","3","0","0","0","0","5.17%"
"07-11-2021","ucberkeleysummer","1,459","3","4","1","113","0","0","72","33","4","4","0","0","0","0","5.56%"
"07-11-2021","ucbstudyabroad","2,241","3","3","0","223","0","0","49","14","2","2","0","0","0","0","4.08%"
"07-12-2021","ucberkeleysummer","1,462","3","3","0","113","0","0","17","7","0","0","0","0","0","0","0%"
"07-12-2021","ucbstudyabroad","2,243","2","2","0","223","0","1","371","290","14","14","0","0","0","0","3.77%"
"07-13-2021","ucberkeleysummer","1,462","0","0","0","113","0","0","24","6","0","0","0","0","0","1","0%"
"07-13-2021","ucbstudyabroad","2,245","2","2","0","223","0","0","89","56","1","1","0","0","0","0","1.12%"
"07-14-2021","ucberkeleysummer","1,462","0","2","2","113","0","0","38","2","0","0","0","0","0","0","0%"
"07-14-2021","ucbstudyabroad","2,246","1","2","1","223","0","0","25","19","0","0","0","0","0","0","0%"
"07-15-2021","ucberkeleysummer","1,463","1","1","0","113","0","1","196","173","8","7","0","1","0","0","4.08%"
"07-15-2021","ucbstudyabroad","2,247","1","2","1","223","0","1","430","372","14","14","0","0","0","0","3.26%"
"07-16-2021","ucberkeleysummer","1,463","0","1","1","113","0","0","67","53","1","1","0","0","0","0","1.49%"
"07-16-2021","ucbstudyabroad","2,248","1","4","3","223","0","0","84","54","2","2","0","0","0","0","2.38%"
"07-17-2021","ucberkeleysummer","1,464","1","1","0","113","0","0","25","14","1","1","0","0","0","0","4%"
"07-17-2021","ucbstudyabroad","2,251","3","3","0","223","0","0","47","19","0","0","0","0","0","0","0%"
"07-18-2021","ucberkeleysummer","1,464","0","0","0","113","0","0","2","2","0","0","0","0","0","0","0%"
"07-18-2021","ucbstudyabroad","2,249","-2","0","2","223","0","0","12","7","0","0","0","0","0","0","0%"
"07-19-2021","ucberkeleysummer","1,463","-1","0","1","113","0","0","135","5","0","0","0","0","0","0","0%"
"07-19-2021","ucbstudyabroad","2,248","-1","0","1","223","0","0","43","7","1","1","0","0","0","0","2.33%"
"07-20-2021","ucberkeleysummer","1,463","0","0","0","113","0","0","3","2","0","0","0","0","0","0","0%"
"07-20-2021","ucbstudyabroad","2,248","0","1","1","223","0","1","387","349","0","0","0","0","0","0","0%"
"07-21-2021","ucberkeleysummer","1,461","-2","3","5","113","0","0","5","3","1","0","0","1","0","0","20%"
"07-21-2021","ucbstudyabroad","2,251","3","3","0","223","0","0","173","159","34","34","0","0","0","0","19.65%"
"07-22-2021","ucberkeleysummer","1,461","0","1","1","113","0","0","11","4","0","0","0","0","0","0","0%"
"07-22-2021","ucbstudyabroad","2,251","0","1","1","222","-1","0","53","34","3","2","0","1","0","0","5.66%"
"07-23-2021","ucberkeleysummer","1,461","0","0","0","113","0","0","1","1","0","0","0","0","0","0","0%"
"07-23-2021","ucbstudyabroad","2,249","-2","0","2","222","0","1","214","187","0","0","0","0","0","0","0%"
"07-24-2021","ucberkeleysummer","1,461","0","0","0","113","0","0","27","3","0","0","0","0","0","0","0%"
"07-24-2021","ucbstudyabroad","2,249","0","0","0","221","-1","0","189","156","11","11","0","0","0","0","5.82%"
"07-25-2021","ucberkeleysummer","1,460","-1","1","2","112","-1","0","0","0","0","0","0","0","0","0",""
"07-25-2021","ucbstudyabroad","2,249","0","1","1","220","-1","0","78","36","4","4","0","0","0","1","5.13%"
"07-26-2021","ucberkeleysummer","1,458","-2","1","3","112","0","1","170","138","4","4","0","0","0","0","2.35%"
"07-26-2021","ucbstudyabroad","2,249","0","0","0","223","3","0","14","10","3","2","1","0","0","0","21.43%"
"07-27-2021","ucberkeleysummer","1,459","1","2","1","112","0","0","42","30","2","2","0","0","0","0","4.76%"
"07-27-2021","ucbstudyabroad","2,251","2","2","0","223","0","0","61","13","0","0","0","0","0","0","0%"
"07-28-2021","ucberkeleysummer","1,459","0","2","2","112","0","0","16","11","2","2","0","0","0","0","12.5%"
"07-28-2021","ucbstudyabroad","2,253","2","4","2","223","0","0","150","14","3","3","0","0","0","0","2%"
"07-29-2021","ucberkeleysummer","1,462","3","3","0","112","0","1","169","154","11","11","0","0","0","0","6.51%"
"07-29-2021","ucbstudyabroad","2,253","0","1","1","223","0","0","30","9","0","0","0","0","0","3","0%"
"07-30-2021","ucberkeleysummer","1,462","0","0","0","112","0","1","175","131","6","3","0","3","0","0","3.43%"
"07-30-2021","ucbstudyabroad","2,254","1","3","2","223","0","0","124","11","0","0","0","0","0","0","0%"
"07-31-2021","ucberkeleysummer","1,464","2","2","0","112","0","0","60","49","4","4","0","0","0","0","6.67%"
"07-31-2021","ucbstudyabroad","2,259","5","6","1","223","0","0","64","6","0","0","0","0","0","1","0%"
"08-01-2021","ucberkeleysummer","1,464","0","0","0","112","0","0","37","19","2","2","0","0","0","0","5.41%"
"08-01-2021","ucbstudyabroad","2,261","2","2","0","223","0","0","34","4","0","0","0","0","0","0","0%"
"08-02-2021","ucberkeleysummer","1,464","0","1","1","112","0","0","81","3","1","0","0","1","0","0","1.23%"
"08-02-2021","ucbstudyabroad","2,262","1","2","1","223","0","0","56","7","0","0","0","0","0","0","0%"
"08-03-2021","ucberkeleysummer","1,463","-1","2","3","112","0","0","1","1","0","0","0","0","0","0","0%"
"08-03-2021","ucbstudyabroad","2,262","0","0","0","223","0","0","9","3","0","0","0","0","0","0","0%"
"08-04-2021","ucberkeleysummer","1,465","2","2","0","112","0","0","19","2","0","0","0","0","0","0","0%"
"08-04-2021","ucbstudyabroad","2,263","1","3","2","223","0","0","25","5","0","0","0","0","0","0","0%"
"08-05-2021","ucberkeleysummer","1,466","1","1","0","112","0","0","5","2","0","0","0","0","0","0","0%"
"08-05-2021","ucbstudyabroad","2,264","1","1","0","223","0","0","22","3","0","0","0","0","0","0","0%"
"08-06-2021","ucberkeleysummer","1,466","0","0","0","112","0","0","6","1","0","0","0","0","0","0","0%"
"08-06-2021","ucbstudyabroad","2,265","1","1","0","223","0","0","37","5","0","0","0","0","0","0","0%"
"08-07-2021","ucberkeleysummer","1,466","0","0","0","112","0","0","0","0","0","0","0","0","0","0",""
"08-07-2021","ucbstudyabroad","2,265","0","0","0","223","0","0","17","4","0","0","0","0","0","0","0%"
"08-08-2021","ucberkeleysummer","1,463","-3","0","3","112","0","0","1","1","0","0","0","0","0","0","0%"
"08-08-2021","ucbstudyabroad","2,265","0","1","1","221","-2","0","4","3","0","0","0","0","0","0","0%"
"08-09-2021","ucberkeleysummer","1,461","-2","0","2","112","0","0","0","0","0","0","0","0","0","0",""
"08-09-2021","ucbstudyabroad","2,263","-2","2","4","221","0","0","8","1","0","0","0","0","0","0","0%"
"08-10-2021","ucberkeleysummer","1,461","0","0","0","112","0","0","1","1","0","0","0","0","0","0","0%"
"08-10-2021","ucbstudyabroad","2,263","0","1","1","222","1","0","117","9","0","0","0","0","0","0","0%"
"08-11-2021","ucberkeleysummer","1,461","0","0","0","112","0","0","3","3","0","0","0","0","0","0","0%"
"08-11-2021","ucbstudyabroad","2,265","2","3","1","222","0","0","104","8","0","0","0","0","0","1","0%"
"08-12-2021","ucberkeleysummer","1,461","0","2","2","112","0","0","34","2","0","0","0","0","0","1","0%"
"08-12-2021","ucbstudyabroad","2,271","6","6","0","222","0","0","146","8","0","0","0","0","0","5","0%"
"08-13-2021","ucberkeleysummer","1,460","-1","1","2","111","-1","1","369","329","11","11","0","0","0","0","2.98%"
"08-13-2021","ucbstudyabroad","2,272","1","1","0","222","0","0","27","3","0","0","0","0","0","1","0%"
"08-14-2021","ucberkeleysummer","1,458","-2","2","4","111","0","0","156","137","30","27","0","3","0","0","19.23%"
"08-14-2021","ucbstudyabroad","2,274","2","2","0","222","0","0","9","4","0","0","0","0","0","0","0%"
"08-15-2021","ucberkeleysummer","1,461","3","6","3","111","0","0","65","27","2","2","0","0","0","0","3.08%"
"08-15-2021","ucbstudyabroad","2,274","0","0","0","222","0","0","27","3","0","0","0","0","0","0","0%"
"08-16-2021","ucberkeleysummer","1,462","1","1","0","111","0","0","8","6","11","11","0","0","0","0","137.5%"
"08-16-2021","ucbstudyabroad","2,276","2","2","0","222","0","0","29","3","0","0","0","0","0","0","0%"
"08-17-2021","ucberkeleysummer","1,463","1","1","0","112","1","0","35","5","0","0","0","0","0","0","0%"
"08-17-2021","ucbstudyabroad","2,279","3","3","0","222","0","1","319","277","0","0","0","0","0","0","0%"
"08-18-2021","ucberkeleysummer","1,464","1","1","0","112","0","0","25","4","0","0","0","0","0","0","0%"
"08-18-2021","ucbstudyabroad","2,280","1","4","3","222","0","0","142","127","19","18","0","1","0","0","13.38%"
"08-19-2021","ucberkeleysummer","1,463","-1","1","2","112","0","0","2","2","0","0","0","0","0","0","0%"
"08-19-2021","ucbstudyabroad","2,282","2","4","2","222","0","1","380","294","2","2","0","0","0","0","0.53%"
"08-20-2021","ucberkeleysummer","1,467","4","7","3","112","0","0","19","5","0","0","0","0","0","0","0%"
"08-20-2021","ucbstudyabroad","2,294","12","13","1","222","0","0","199","67","21","21","0","0","0","0","10.55%"
"08-21-2021","ucberkeleysummer","1,468","1","1","0","112","0","0","9","2","1","0","0","1","0","0","11.11%"
"08-21-2021","ucbstudyabroad","2,297","3","3","0","223","1","0","17","16","6","6","0","0","0","0","35.29%"
"08-22-2021","ucberkeleysummer","1,471","3","3","0","112","0","0","10","1","1","1","0","0","0","0","10%"
"08-22-2021","ucbstudyabroad","2,299","2","5","3","223","0","0","64","15","0","0","0","0","0","1","0%"
"08-23-2021","ucberkeleysummer","1,471","0","0","0","112","0","0","4","4","0","0","0","0","0","0","0%"
"08-23-2021","ucbstudyabroad","2,304","5","5","0","223","0","2","974","572","49","48","1","0","0","1","5.03%"
"08-24-2021","ucberkeleysummer","1,471","0","0","0","112","0","0","0","0","0","0","0","0","0","0",""
"08-24-2021","ucbstudyabroad","2,305","1","1","0","223","0","0","277","224","26","25","0","1","0","0","9.39%"
"08-25-2021","ucberkeleysummer","1,471","0","0","0","112","0","0","0","0","0","0","0","0","0","0",""
"08-25-2021","ucbstudyabroad","2,311","6","7","1","223","0","0","56","32","1","1","0","0","0","0","1.79%"
"08-26-2021","ucberkeleysummer","1,472","1","1","0","112","0","0","3","1","0","0","0","0","0","0","0%"
"08-26-2021","ucbstudyabroad","2,313","2","2","0","223","0","1","394","248","14","14","0","0","0","3","3.55%"
"08-27-2021","ucberkeleysummer","1,474","2","5","3","112","0","0","5","1","0","0","0","0","0","0","0%"
"08-27-2021","ucbstudyabroad","2,314","1","2","1","223","0","0","121","56","5","5","0","0","0","0","4.13%"
"08-28-2021","ucberkeleysummer","1,475","1","1","0","112","0","0","24","1","0","0","0","0","0","0","0%"
"08-28-2021","ucbstudyabroad","2,313","-1","2","3","223","0","0","22","14","0","0","0","0","0","1","0%"
"08-29-2021","ucberkeleysummer","1,475","0","0","0","112","0","0","8","2","0","0","0","0","0","0","0%"
"08-29-2021","ucbstudyabroad","2,312","-1","1","2","223","0","0","23","12","0","0","0","0","0","1","0%"
"08-30-2021","ucberkeleysummer","1,476","1","1","0","112","0","0","7","1","0","0","0","0","0","0","0%"
"08-30-2021","ucbstudyabroad","2,315","3","5","2","223","0","0","37","5","0","0","0","0","0","2","0%"
"08-31-2021","ucberkeleysummer","1,477","1","1","0","112","0","0","13","5","1","0","0","1","0","0","7.69%"
"08-31-2021","ucbstudyabroad","2,318","3","3","0","223","0","1","277","218","0","0","0","0","0","1","0%"
"09-01-2021","ucberkeleysummer","1,477","0","1","1","112","0","0","0","0","0","0","0","0","0","0",""
"09-01-2021","ucbstudyabroad","2,323","5","6","1","223","0","0","119","64","16","16","0","0","0","0","13.45%"
"09-02-2021","ucberkeleysummer","1,478","1","1","0","112","0","0","0","0","0","0","0","0","0","0",""
"09-02-2021","ucbstudyabroad","2,323","0","6","6","223","0","1","505","391","30","29","0","1","0","1","5.94%"
"09-03-2021","ucberkeleysummer","1,478","0","1","1","112","0","0","0","0","0","0","0","0","0","0",""
"09-03-2021","ucbstudyabroad","2,325","2","2","0","223","0","0","93","59","1","1","0","0","0","0","1.08%"
"09-04-2021","ucberkeleysummer","1,478","0","0","0","112","0","0","0","0","0","0","0","0","0","0",""
"09-04-2021","ucbstudyabroad","2,327","2","2","0","223","0","0","21","16","0","0","0","0","0","0","0%"
"09-05-2021","ucberkeleysummer","1,478","0","1","1","112","0","0","0","0","0","0","0","0","0","0",""
"09-05-2021","ucbstudyabroad","2,327","0","2","2","223","0","0","40","6","0","0","0","0","0","0","0%"
"09-06-2021","ucberkeleysummer","1,477","-1","0","1","112","0","0","0","0","0","0","0","0","0","0",""
"09-06-2021","ucbstudyabroad","2,327","0","0","0","223","0","0","29","11","0","0","0","0","0","0","0%"
"09-07-2021","ucberkeleysummer","1,475","-2","1","3","112","0","0","6","1","0","0","0","0","0","0","0%"
"09-07-2021","ucbstudyabroad","2,327","0","2","2","223","0","0","11","5","0","0","0","0","0","1","0%"
"09-08-2021","ucberkeleysummer","1,474","-1","0","1","112","0","0","0","0","0","0","0","0","0","0",""
"09-08-2021","ucbstudyabroad","2,327","0","1","1","223","0","0","1,708","1,657","0","0","0","0","0","0","0%"
"09-09-2021","ucberkeleysummer","1,473","-1","0","1","112","0","0","81","77","0","0","0","0","0","0","0%"
"09-09-2021","ucbstudyabroad","2,323","-4","2","6","223","0","1","502","310","21","21","0","0","0","3","4.18%"
"09-10-2021","ucberkeleysummer","1,468","-5","0","5","112","0","0","25","25","0","0","0","0","0","0","0%"
"09-10-2021","ucbstudyabroad","2,325","2","2","0","223","0","2","923","539","54","43","0","11","0","4","5.85%"
"09-11-2021","ucberkeleysummer","1,467","-1","0","1","112","0","0","0","0","0","0","0","0","0","0",""
"09-11-2021","ucbstudyabroad","2,326","1","1","0","224","1","0","197","171","16","12","0","4","0","1","8.12%"
"09-12-2021","ucberkeleysummer","1,466","-1","1","2","112","0","0","0","0","0","0","0","0","0","0",""
"09-12-2021","ucbstudyabroad","2,328","2","2","0","224","0","0","52","43","6","6","0","0","0","0","11.54%"
"09-13-2021","ucberkeleysummer","1,466","0","0","0","112","0","0","0","0","0","0","0","0","0","0",""
"09-13-2021","ucbstudyabroad","2,333","5","6","1","224","0","1","690","565","55","39","0","16","0","13","7.97%"
"09-14-2021","ucberkeleysummer","1,463","-3","0","3","112","0","0","6","2","0","0","0","0","0","0","0%"
"09-14-2021","ucbstudyabroad","2,334","1","2","1","224","0","1","526","187","11","10","0","1","0","1","2.09%"
"09-15-2021","ucberkeleysummer","1,458","0","0","","","","0","23","1","0","0","0","0","0","0","0%"
"09-15-2021","ucbstudyabroad","2,335","1","2","1","224","0","1","616","288","3","2","0","1","0","0","0.49%"
"09-16-2021","ucberkeleysummer","1,460","2","2","0","112","","0","3","1","0","0","0","0","0","0","0%"
"09-16-2021","ucbstudyabroad","2,336","1","3","2","224","0","0","83","64","13","13","0","0","0","0","15.66%"
"09-17-2021","ucberkeleysummer","1,461","1","1","0","112","0","0","1","1","0","0","0","0","0","0","0%"
"09-17-2021","ucbstudyabroad","2,338","2","6","4","224","0","1","339","259","4","4","0","0","0","4","1.18%"
"09-18-2021","ucberkeleysummer","1,461","0","0","0","112","0","0","0","0","0","0","0","0","0","0",""
"09-18-2021","ucbstudyabroad","2,340","2","2","0","224","0","0","102","57","22","22","0","0","0","0","21.57%"
"09-19-2021","ucberkeleysummer","1,460","-1","1","2","112","0","0","0","0","0","0","0","0","0","0",""
"09-19-2021","ucbstudyabroad","2,339","-1","1","2","224","0","0","34","23","4","4","0","0","0","0","11.76%"
"09-20-2021","ucberkeleysummer","1,460","0","0","0","112","0","0","0","0","0","0","0","0","0","0",""
"09-20-2021","ucbstudyabroad","2,339","0","1","1","224","0","1","435","352","25","20","0","5","0","1","5.75%"
"09-21-2021","ucberkeleysummer","1,460","0","0","0","112","0","0","3","1","0","0","0","0","0","0","0%"
"09-21-2021","ucbstudyabroad","2,342","3","4","1","224","0","1","552","333","7","5","0","2","0","3","1.27%"
"09-22-2021","ucberkeleysummer","1,461","1","3","2","112","0","0","0","0","0","0","0","0","0","0",""
"09-22-2021","ucbstudyabroad","2,341","-1","4","5","224","0","0","243","200","4","2","0","2","0","4","1.65%"
"09-23-2021","ucberkeleysummer","1,461","0","0","0","112","0","0","0","0","0","0","0","0","0","0",""
"09-23-2021","ucbstudyabroad","2,347","6","6","0","224","0","1","646","444","18","15","2","1","0","6","2.79%"
"09-24-2021","ucberkeleysummer","1,462","1","2","1","112","0","0","7","1","0","0","0","0","0","1","0%"
"09-24-2021","ucbstudyabroad","2,352","5","5","0","224","0","0","148","76","21","19","0","2","0","1","14.19%"
"09-25-2021","ucberkeleysummer","1,462","0","1","1","112","0","0","0","0","0","0","0","0","0","0",""
"09-25-2021","ucbstudyabroad","2,354","2","2","0","224","0","0","81","27","6","5","1","0","0","0","7.41%"
"09-26-2021","ucberkeleysummer","1,463","1","1","0","112","0","0","4","1","0","0","0","0","0","0","0%"
"09-26-2021","ucbstudyabroad","2,353","-1","1","2","224","0","0","43","10","0","0","0","0","0","0","0%"
"09-27-2021","ucberkeleysummer","1,463","0","1","1","112","0","0","6","2","0","0","0","0","0","2","0%"
"09-27-2021","ucbstudyabroad","2,372","19","24","5","224","0","1","798","407","0","0","0","0","0","9","0%"
"09-28-2021","ucberkeleysummer","1,462","-1","0","1","112","0","0","0","0","0","0","0","0","0","0",""
"09-28-2021","ucbstudyabroad","2,387","15","20","5","224","0","2","999","430","21","12","0","9","0","7","2.1%"
"09-29-2021","ucberkeleysummer","1,463","1","1","0","112","0","0","18","2","0","0","0","0","0","0","0%"
"09-29-2021","ucbstudyabroad","2,395","8","9","1","224","0","0","327","165","41","29","0","12","0","6","12.54%"
"09-30-2021","ucberkeleysummer","1,463","0","0","0","112","0","0","0","0","0","0","0","0","0","0",""
"09-30-2021","ucbstudyabroad","2,395","0","2","2","224","0","1","628","440","13","10","0","3","0","0","2.07%"
"10-01-2021","ucberkeleysummer","1,462","-1","1","2","112","0","0","0","0","0","0","0","0","0","0",""
"10-01-2021","ucbstudyabroad","2,395","0","3","3","223","-1","1","451","352","37","36","0","1","0","2","8.2%"
"10-02-2021","ucberkeleysummer","1,461","-1","0","1","112","0","0","0","0","0","0","0","0","0","0",""
"10-02-2021","ucbstudyabroad","2,396","1","4","3","223","0","0","125","83","32","28","1","3","0","0","25.6%"
"10-03-2021","ucberkeleysummer","1,461","0","1","1","112","0","0","0","0","0","0","0","0","0","0",""
"10-03-2021","ucbstudyabroad","2,397","1","3","2","223","0","0","67","20","8","7","0","1","0","2","11.94%"
"10-04-2021","ucberkeleysummer","1,459","-2","2","4","112","0","0","9","1","0","0","0","0","0","0","0%"
"10-04-2021","ucbstudyabroad","2,395","-2","2","4","224","1","1","422","328","0","0","0","0","0","1","0%"
"10-05-2021","ucberkeleysummer","1,460","1","2","1","112","0","0","0","0","0","0","0","0","0","0",""
"10-05-2021","ucbstudyabroad","2,396","1","1","0","224","0","0","99","70","18","18","0","0","0","1","18.18%"
"10-06-2021","ucberkeleysummer","1,463","3","4","1","112","0","0","7","1","0","0","0","0","0","0","0%"
"10-06-2021","ucbstudyabroad","2,397","1","5","4","224","0","1","337","253","4","4","0","0","0","1","1.19%"
"10-07-2021","ucberkeleysummer","1,464","1","1","0","112","0","0","0","0","0","0","0","0","0","0",""
"10-07-2021","ucbstudyabroad","2,415","18","21","3","224","0","1","832","571","12","12","0","0","0","7","1.44%"
"10-08-2021","ucberkeleysummer","1,464","0","0","0","112","0","0","0","0","0","0","0","0","0","0",""
"10-08-2021","ucbstudyabroad","2,416","1","1","0","224","0","0","168","85","104","82","0","22","0","0","61.9%"
"10-09-2021","ucberkeleysummer","1,464","0","0","0","112","0","0","3","1","0","0","0","0","0","0","0%"
"10-09-2021","ucbstudyabroad","2,416","0","3","3","224","0","0","49","39","13","6","0","7","0","1","26.53%"
"10-10-2021","ucberkeleysummer","1,464","0","2","2","112","0","0","21","1","0","0","0","0","0","0","0%"
"10-10-2021","ucbstudyabroad","2,416","0","0","0","224","0","0","9","9","0","0","0","0","0","0","0%"
"10-11-2021","ucberkeleysummer","1,464","0","0","0","112","0","0","0","0","0","0","0","0","0","0",""
"10-11-2021","ucbstudyabroad","2,417","1","3","2","224","0","0","55","16","1","0","0","1","0","0","1.82%"
"10-12-2021","ucberkeleysummer","1,466","2","4","2","112","0","0","14","1","0","0","0","0","0","0","0%"
"10-12-2021","ucbstudyabroad","2,416","-1","1","2","224","0","1","623","459","1","0","0","1","0","0","0.16%"
"10-13-2021","ucberkeleysummer","1,466","0","0","0","112","0","1","153","133","2","2","0","0","0","0","1.31%"
"10-13-2021","ucbstudyabroad","2,421","5","6","1","223","-1","1","834","547","116","110","1","5","0","13","13.91%"
"10-14-2021","ucberkeleysummer","1,466","0","3","3","112","0","0","68","39","3","3","0","0","0","2","4.41%"
"10-14-2021","ucbstudyabroad","2,426","5","7","2","223","0","0","237","146","34","24","0","10","0","7","14.35%"
"10-15-2021","ucberkeleysummer","1,467","1","1","0","112","0","0","13","13","3","3","0","0","0","0","23.08%"
"10-15-2021","ucbstudyabroad","2,426","0","2","2","223","0","3","1,400","686","91","82","4","5","0","5","6.5%"
"10-16-2021","ucberkeleysummer","1,468","1","1","0","112","0","0","6","2","0","0","0","0","0","0","0%"
"10-16-2021","ucbstudyabroad","2,427","1","1","0","223","0","1","755","484","68","66","1","1","0","1","9.01%"
"10-17-2021","ucberkeleysummer","1,468","0","0","0","111","-1","0","1","1","0","0","0","0","0","0","0%"
"10-17-2021","ucbstudyabroad","2,429","2","3","1","223","0","1","856","551","17","17","0","0","0","16","1.99%"
"10-18-2021","ucberkeleysummer","1,466","-2","3","5","111","0","0","2","1","0","0","0","0","0","1","0%"
"10-18-2021","ucbstudyabroad","2,443","14","17","3","223","0","3","1,675","667","97","73","0","24","0","67","5.79%"
"10-19-2021","ucberkeleysummer","1,468","2","3","1","111","0","0","6","1","0","0","0","0","0","0","0%"
"10-19-2021","ucbstudyabroad","2,447","4","4","0","223","0","5","2,238","1,078","99","75","7","16","1","23","4.42%"
"10-20-2021","ucberkeleysummer","1,470","2","4","2","111","0","0","0","0","0","0","0","0","0","0",""
"10-20-2021","ucbstudyabroad","2,449","2","3","1","223","0","0","611","230","50","45","1","4","0","15","8.18%"
"10-21-2021","ucberkeleysummer","1,472","2","2","0","111","0","0","15","2","0","0","0","0","0","0","0%"
"10-21-2021","ucbstudyabroad","2,452","3","5","2","224","1","5","1,695","563","85","75","1","7","2","27","5.01%"
"10-22-2021","ucberkeleysummer","1,472","0","0","0","111","0","0","1","1","0","0","0","0","0","0","0%"
"10-22-2021","ucbstudyabroad","2,453","1","2","1","224","0","0","357","179","32","31","0","1","0","0","8.96%"
"10-23-2021","ucberkeleysummer","1,472","0","2","2","111","0","0","0","0","0","0","0","0","0","0",""
"10-23-2021","ucbstudyabroad","2,454","1","2","1","224","0","0","111","87","4","3","0","1","0","1","3.6%"
"10-24-2021","ucberkeleysummer","1,472","0","1","1","111","0","0","0","0","0","0","0","0","0","0",""
"10-24-2021","ucbstudyabroad","2,454","0","1","1","223","-1","0","30","22","1","1","0","0","0","0","3.33%"
"10-25-2021","ucberkeleysummer","1,472","0","2","2","111","0","0","26","2","0","0","0","0","0","0","0%"
"10-25-2021","ucbstudyabroad","2,455","1","1","0","223","0","1","375","315","25","25","0","0","0","1","6.67%"
"10-26-2021","ucberkeleysummer","1,472","0","0","0","111","0","0","5","2","0","0","0","0","0","0","0%"
"10-26-2021","ucbstudyabroad","2,460","5","5","0","223","0","0","1,581","1,360","5","5","0","0","0","5","0.32%"
"10-27-2021","ucberkeleysummer","1,475","3","5","2","111","0","0","22","3","0","0","0","0","0","0","0%"
"10-27-2021","ucbstudyabroad","2,462","2","3","1","223","0","1","932","413","25","24","0","1","0","2","2.68%"
"10-28-2021","ucberkeleysummer","1,477","2","2","0","111","0","0","4","1","0","0","0","0","0","0","0%"
"10-28-2021","ucbstudyabroad","2,474","12","14","2","223","0","1","851","457","22","22","0","0","0","3","2.59%"
"10-29-2021","ucberkeleysummer","1,478","1","1","0","111","0","0","0","0","0","0","0","0","0","0",""
"10-29-2021","ucbstudyabroad","2,477","3","3","0","224","1","0","327","106","28","27","0","1","0","0","8.56%"
"10-30-2021","ucberkeleysummer","1,479","1","1","0","111","0","0","1","1","0","0","0","0","0","2","0%"
"10-30-2021","ucbstudyabroad","2,477","0","0","0","224","0","0","31","22","0","0","0","0","0","0","0%"
"10-31-2021","ucberkeleysummer","1,479","0","3","3","111","0","0","0","0","0","0","0","0","0","0",""
"10-31-2021","ucbstudyabroad","2,473","-4","0","4","224","0","0","12","12","0","0","0","0","0","0","0%"
"11-01-2021","ucberkeleysummer","1,483","4","4","0","111","0","0","0","0","0","0","0","0","0","0",""
"11-01-2021","ucbstudyabroad","2,474","1","2","1","224","0","0","10","6","0","0","0","0","0","0","0%"
"11-02-2021","ucberkeleysummer","1,484","1","1","0","111","0","0","2","1","0","0","0","0","0","0","0%"
"11-02-2021","ucbstudyabroad","2,471","-3","1","4","224","0","5","1,546","475","0","0","0","0","0","8","0%"
"11-03-2021","ucberkeleysummer","1,486","2","2","0","111","0","0","1","1","0","0","0","0","0","0","0%"
"11-03-2021","ucbstudyabroad","2,471","0","2","2","224","0","0","1,327","1,143","30","30","0","0","0","1","2.26%"
"11-04-2021","ucberkeleysummer","1,487","1","1","0","111","0","0","0","0","0","0","0","0","0","0",""
"11-04-2021","ucbstudyabroad","2,472","1","1","0","223","-1","1","424","338","18","17","0","1","0","0","4.25%"
"11-05-2021","ucberkeleysummer","1,487","0","0","0","111","0","0","24","1","0","0","0","0","0","1","0%"
"11-05-2021","ucbstudyabroad","2,475","3","4","1","223","0","2","1,000","588","105","80","0","25","0","9","10.5%"
"11-06-2021","ucberkeleysummer","1,488","1","1","0","111","0","0","2","1","0","0","0","0","0","0","0%"
"11-06-2021","ucbstudyabroad","2,474","-1","2","3","223","0","0","157","134","17","10","0","7","0","1","10.83%"
"11-07-2021","ucberkeleysummer","1,487","-1","0","1","111","0","0","12","2","0","0","0","0","0","1","0%"
"11-07-2021","ucbstudyabroad","2,474","0","1","1","223","0","0","194","40","4","3","0","1","0","0","2.06%"
"11-08-2021","ucberkeleysummer","1,485","-2","2","4","111","0","0","1","1","0","0","0","0","0","2","0%"
"11-08-2021","ucbstudyabroad","2,478","4","6","2","223","0","2","939","512","31","26","0","5","0","2","3.3%"
"11-09-2021","ucberkeleysummer","1,485","0","0","0","111","0","0","11","1","0","0","0","0","0","0","0%"
"11-09-2021","ucbstudyabroad","2,475","-3","3","6","223","0","0","118","101","8","5","0","3","0","2","6.78%"
"11-10-2021","ucberkeleysummer","1,486","1","1","0","111","0","0","0","0","0","0","0","0","0","0",""
"11-10-2021","ucbstudyabroad","2,477","2","2","0","223","0","3","552","323","14","14","0","0","0","7","2.54%"
"11-11-2021","ucberkeleysummer","1,487","1","1","0","111","0","0","3","3","0","0","0","0","0","0","0%"
"11-11-2021","ucbstudyabroad","2,475","-2","0","2","223","0","1","423","322","1","1","0","0","0","2","0.24%"
"11-12-2021","ucberkeleysummer","1,487","0","0","0","111","0","0","2","1","0","0","0","0","0","0","0%"
"11-12-2021","ucbstudyabroad","2,478","3","4","1","223","0","1","526","373","29","28","0","1","0","1","5.51%"
"11-13-2021","ucberkeleysummer","1,487","0","1","1","111","0","0","0","0","0","0","0","0","0","0",""
"11-13-2021","ucbstudyabroad","2,482","4","5","1","223","0","0","153","108","19","19","0","0","0","0","12.42%"
"11-14-2021","ucberkeleysummer","1,488","1","1","0","111","0","0","1","1","0","0","0","0","0","0","0%"
"11-14-2021","ucbstudyabroad","2,483","1","1","0","223","0","0","61","39","17","12","0","5","0","0","27.87%"
"11-15-2021","ucberkeleysummer","1,486","-2","1","3","111","0","0","36","3","0","0","0","0","0","3","0%"
"11-15-2021","ucbstudyabroad","2,485","2","4","2","223","0","2","722","450","31","25","0","6","0","11","4.29%"
"11-16-2021","ucberkeleysummer","1,484","-2","2","4","111","0","0","2","1","0","0","0","0","0","1","0%"
"11-16-2021","ucbstudyabroad","2,485","3","3","","","","3","1,080","461","29","26","0","3","0","3","2.69%"
"11-17-2021","ucberkeleysummer","1,487","3","4","1","111","0","0","6","3","0","0","0","0","0","0","0%"
"11-17-2021","ucbstudyabroad","2,490","5","5","0","223","","4","1,140","518","37","37","0","0","0","8","3.25%"
"11-18-2021","ucberkeleysummer","1,487","0","1","1","110","-1","0","2","1","0","0","0","0","0","0","0%"
"11-18-2021","ucbstudyabroad","2,492","2","2","0","223","0","0","358","226","48","39","0","9","0","4","13.41%"
"11-19-2021","ucberkeleysummer","1,489","2","2","0","111","1","0","3","2","0","0","0","0","0","0","0%"
"11-19-2021","ucbstudyabroad","2,493","1","2","1","223","0","0","73","45","22","10","0","12","0","0","30.14%"
"11-20-2021","ucberkeleysummer","1,490","1","1","0","111","0","0","5","2","0","0","0","0","0","0","0%"
"11-20-2021","ucbstudyabroad","2,491","-2","1","3","222","-1","0","72","16","0","0","0","0","0","0","0%"
"11-21-2021","ucberkeleysummer","1,489","-1","3","4","111","0","0","2","1","0","0","0","0","0","0","0%"
"11-21-2021","ucbstudyabroad","2,490","-1","1","2","222","0","0","16","9","1","1","0","0","0","0","6.25%"
"11-22-2021","ucberkeleysummer","1,491","2","2","0","111","0","0","4","1","0","0","0","0","0","0","0%"
"11-22-2021","ucbstudyabroad","2,488","-2","1","3","223","1","0","34","11","0","0","0","0","0","0","0%"
"11-23-2021","ucberkeleysummer","1,495","4","6","2","111","0","0","13","4","0","0","0","0","0","1","0%"
"11-23-2021","ucbstudyabroad","2,488","0","0","0","223","0","1","409","319","21","21","0","0","0","0","5.13%"
"11-24-2021","ucberkeleysummer","1,499","4","4","0","111","0","0","3","2","0","0","0","0","0","0","0%"
"11-24-2021","ucbstudyabroad","2,488","0","0","0","222","-1","1","621","439","46","41","0","5","0","13","7.41%"
"11-25-2021","ucberkeleysummer","1,500","1","1","0","111","0","0","2","1","0","0","0","0","0","0","0%"
"11-25-2021","ucbstudyabroad","2,489","1","2","1","222","0","0","94","82","22","18","0","4","0","2","23.4%"
"11-26-2021","ucberkeleysummer","1,502","2","2","0","111","0","0","0","0","0","0","0","0","0","1",""
"11-26-2021","ucbstudyabroad","2,489","0","0","0","222","0","0","31","20","2","2","0","0","0","0","6.45%"
"11-27-2021","ucberkeleysummer","1,505","3","3","0","111","0","0","18","2","0","0","0","0","0","0","0%"
"11-27-2021","ucbstudyabroad","2,489","0","1","1","222","0","0","307","16","0","0","0","0","0","1","0%"
"11-28-2021","ucberkeleysummer","1,508","3","3","0","111","0","0","30","2","0","0","0","0","0","0","0%"
"11-28-2021","ucbstudyabroad","2,489","0","0","0","222","0","0","13","7","0","0","0","0","0","1","0%"
"11-29-2021","ucberkeleysummer","1,510","2","2","0","111","0","0","39","3","0","0","0","0","0","0","0%"
"11-29-2021","ucbstudyabroad","2,489","0","2","2","222","0","0","10","6","0","0","0","0","0","0","0%"
"11-30-2021","ucberkeleysummer","1,511","1","1","0","111","0","0","60","9","0","0","0","0","0","0","0%"
"11-30-2021","ucbstudyabroad","2,491","2","3","1","222","0","2","801","428","26","26","0","0","0","3","3.25%"
"12-01-2021","ucberkeleysummer","1,512","1","5","4","111","0","0","4","3","0","0","0","0","0","1","0%"
"12-01-2021","ucbstudyabroad","2,492","1","2","1","222","0","0","227","112","8","8","0","0","0","0","3.52%"
"12-02-2021","ucberkeleysummer","1,513","1","1","0","111","0","1","367","253","4","4","0","0","0","3","1.09%"
"12-02-2021","ucbstudyabroad","2,491","-1","0","1","222","0","1","479","375","26","25","0","1","0","5","5.43%"
"12-03-2021","ucberkeleysummer","1,515","2","3","1","111","0","0","86","74","18","18","0","0","0","0","20.93%"
"12-03-2021","ucbstudyabroad","2,491","0","1","1","222","0","0","62","50","5","5","0","0","0","0","8.06%"
"12-04-2021","ucberkeleysummer","1,516","1","2","1","111","0","0","45","26","2","2","0","0","0","0","4.44%"
"12-04-2021","ucbstudyabroad","2,493","2","3","1","222","0","0","40","17","1","1","0","0","0","0","2.5%"
"12-05-2021","ucberkeleysummer","1,518","2","4","2","111","0","0","17","5","1","0","0","1","0","0","5.88%"
"12-05-2021","ucbstudyabroad","2,495","2","2","0","222","0","0","50","8","2","2","0","0","0","0","4%"
"12-06-2021","ucberkeleysummer","1,522","4","4","0","111","0","0","3","2","0","0","0","0","0","0","0%"
"12-06-2021","ucbstudyabroad","2,494","-1","1","2","222","0","0","7","7","0","0","0","0","0","0","0%"
"12-07-2021","ucberkeleysummer","1,524","2","2","0","111","0","1","463","430","16","16","0","0","0","5","3.46%"
"12-07-2021","ucbstudyabroad","2,494","0","0","0","222","0","14","2,927","369","0","0","0","0","0","3","0%"
"12-08-2021","ucberkeleysummer","1,525","1","3","2","111","0","0","116","89","16","15","0","1","0","3","13.79%"
"12-08-2021","ucbstudyabroad","2,493","-1","1","2","222","0","0","799","151","10","10","0","0","0","1","1.25%"
"12-09-2021","ucberkeleysummer","1,527","2","2","0","111","0","0","42","17","8","5","0","3","0","0","19.05%"
"12-09-2021","ucbstudyabroad","2,493","0","0","0","222","0","1","389","326","5","5","0","0","0","0","1.29%"
"12-10-2021","ucberkeleysummer","1,529","2","2","0","111","0","0","16","3","3","1","0","2","0","0","18.75%"
"12-10-2021","ucbstudyabroad","2,498","5","8","3","222","0","0","166","97","37","37","0","0","0","0","22.29%"
"12-11-2021","ucberkeleysummer","1,531","2","2","0","111","0","0","7","5","2","0","0","2","0","2","28.57%"
"12-11-2021","ucbstudyabroad","2,504","6","6","0","222","0","0","120","47","9","8","0","1","0","1","7.5%"
"12-12-2021","ucberkeleysummer","1,532","1","1","0","111","0","0","18","7","1","0","0","1","0","0","5.56%"
"12-12-2021","ucbstudyabroad","2,508","4","4","0","222","0","0","22","8","5","5","0","0","0","0","22.73%"
"12-13-2021","ucberkeleysummer","1,533","1","3","2","111","0","1","449","385","1","0","0","1","0","6","0.22%"
"12-13-2021","ucbstudyabroad","2,510","2","2","0","222","0","0","3","3","0","0","0","0","0","0","0%"
"12-14-2021","ucberkeleysummer","1,535","2","7","5","111","0","0","87","58","30","28","1","1","0","2","34.48%"
"12-14-2021","ucbstudyabroad","2,509","-1","5","6","222","0","1","408","371","16","16","0","0","0","2","3.92%"
"12-15-2021","ucberkeleysummer","1,538","3","4","1","111","0","1","252","224","9","4","0","5","0","2","3.57%"
"12-15-2021","ucbstudyabroad","2,511","2","2","0","222","0","1","406","334","13","13","0","0","0","0","3.2%"
"12-16-2021","ucberkeleysummer","1,538","0","1","1","111","0","0","70","44","6","5","0","1","0","0","8.57%"
"12-16-2021","ucbstudyabroad","2,512","1","3","2","222","0","0","294","98","16","16","0","0","0","0","5.44%"
"12-17-2021","ucberkeleysummer","1,539","1","1","0","111","0","0","26","5","4","2","0","2","0","0","15.38%"
"12-17-2021","ucbstudyabroad","2,515","3","3","0","223","1","0","116","39","8","6","0","2","0","0","6.9%"
"12-18-2021","ucberkeleysummer","1,539","0","3","3","111","0","0","32","6","1","0","0","1","0","1","3.13%"
"12-18-2021","ucbstudyabroad","2,513","-2","0","2","223","0","0","15","10","4","3","0","1","0","0","26.67%"
"12-19-2021","ucberkeleysummer","1,540","1","1","0","111","0","0","48","5","2","0","0","2","0","2","4.17%"
"12-19-2021","ucbstudyabroad","2,512","-1","0","1","223","0","0","9","4","0","0","0","0","0","0","0%"
"12-20-2021","ucberkeleysummer","1,539","-1","1","2","111","0","1","225","198","1","0","0","1","0","0","0.44%"
"12-20-2021","ucbstudyabroad","2,509","-3","1","4","223","0","1","439","377","27","27","0","0","0","0","6.15%"
"12-21-2021","ucberkeleysummer","1,541","2","2","0","111","0","0","60","57","9","9","0","0","0","0","15%"
"12-21-2021","ucbstudyabroad","2,511","2","2","0","223","0","0","115","49","1","0","0","1","0","0","0.87%"
"12-22-2021","ucberkeleysummer","1,541","0","0","0","111","0","0","16","16","5","5","0","0","0","0","31.25%"
"12-22-2021","ucbstudyabroad","2,513","2","4","2","223","0","0","21","14","2","1","0","1","0","0","9.52%"
"12-23-2021","ucberkeleysummer","1,543","2","2","0","111","0","0","10","4","2","0","0","2","0","0","20%"
"12-23-2021","ucbstudyabroad","2,512","-1","0","1","223","0","0","94","10","0","0","0","0","0","0","0%"
"12-24-2021","ucberkeleysummer","1,546","3","3","0","111","0","0","4","4","0","0","0","0","0","0","0%"
"12-24-2021","ucbstudyabroad","2,511","-1","0","1","223","0","0","4","4","0","0","0","0","0","0","0%"
"12-25-2021","ucberkeleysummer","1,546","0","0","0","111","0","0","5","2","0","0","0","0","0","0","0%"
"12-25-2021","ucbstudyabroad","2,509","-2","2","4","223","0","0","7","7","0","0","0","0","0","0","0%"
"12-26-2021","ucberkeleysummer","1,547","1","1","0","111","0","0","0","0","1","0","0","1","0","0",""
"12-26-2021","ucbstudyabroad","2,505","-4","0","4","223","0","0","19","5","0","0","0","0","0","0","0%"
"12-27-2021","ucberkeleysummer","1,545","-2","2","4","111","0","0","26","2","0","0","0","0","0","0","0%"
"12-27-2021","ucbstudyabroad","2,505","0","0","0","223","0","0","14","7","1","0","0","1","0","0","7.14%"
"12-28-2021","ucberkeleysummer","1,545","0","1","1","111","0","0","18","1","0","0","0","0","0","0","0%"
"12-28-2021","ucbstudyabroad","2,504","-1","2","3","223","0","0","32","7","1","0","0","1","0","0","3.13%"
"12-29-2021","ucberkeleysummer","1,545","0","2","2","111","0","0","0","0","0","0","0","0","0","0",""
"12-29-2021","ucbstudyabroad","2,506","2","2","0","223","0","0","10","5","0","0","0","0","0","0","0%"
"12-30-2021","ucberkeleysummer","1,544","-1","2","3","111","0","0","0","0","0","0","0","0","0","0",""
"12-30-2021","ucbstudyabroad","2,504","-2","1","3","223","0","0","20","6","0","0","0","0","0","2","0%"
"12-31-2021","ucberkeleysummer","1,543","-1","3","4","111","0","0","0","0","0","0","0","0","0","0",""
"12-31-2021","ucbstudyabroad","2,506","2","3","1","223","0","0","17","7","1","0","1","0","0","4","5.88%"
"01-01-2022","ucberkeleysummer","1,544","1","2","1","111","0","0","3","2","1","0","0","1","0","0","33.33%"
"01-01-2022","ucbstudyabroad","2,506","0","0","0","223","0","0","45","5","0","0","0","0","0","0","0%"
"01-02-2022","ucberkeleysummer","1,545","1","1","0","111","0","0","13","1","0","0","0","0","0","1","0%"
"01-02-2022","ucbstudyabroad","2,507","1","1","0","223","0","0","10","8","0","0","0","0","0","0","0%"
"01-03-2022","ucberkeleysummer","1,547","2","2","0","111","0","0","6","2","0","0","0","0","0","0","0%"
"01-03-2022","ucbstudyabroad","2,507","0","1","1","222","-1","0","15","7","0","0","0","0","0","0","0%"
"01-04-2022","ucberkeleysummer","1,548","1","4","3","111","0","0","16","3","0","0","0","0","0","1","0%"
"01-04-2022","ucbstudyabroad","2,507","0","0","0","222","0","2","618","392","0","0","0","0","0","2","0%"
"01-05-2022","ucberkeleysummer","1,549","1","1","0","111","0","0","0","0","0","0","0","0","0","0",""
"01-05-2022","ucbstudyabroad","2,506","-1","1","2","222","0","0","179","132","19","19","0","0","0","0","10.61%"
"01-06-2022","ucberkeleysummer","1,548","-1","1","2","111","0","0","0","0","0","0","0","0","0","0",""
"01-06-2022","ucbstudyabroad","2,508","2","2","0","222","0","1","644","565","13","13","0","0","0","3","2.02%"
"01-07-2022","ucberkeleysummer","1,548","0","3","3","111","0","0","32","6","0","0","0","0","0","1","0%"
"01-07-2022","ucbstudyabroad","2,509","1","3","2","222","0","0","264","129","59","53","1","5","0","2","22.35%"
"01-08-2022","ucberkeleysummer","1,550","2","3","1","111","0","0","21","4","1","0","0","1","0","1","4.76%"
"01-08-2022","ucbstudyabroad","2,511","2","2","0","222","0","0","258","100","12","11","0","1","0","0","4.65%"
"01-09-2022","ucberkeleysummer","1,551","1","1","0","111","0","0","5","2","0","0","0","0","0","0","0%"
"01-09-2022","ucbstudyabroad","2,512","1","2","1","222","0","0","33","20","9","8","0","1","0","1","27.27%"
"01-10-2022","ucberkeleysummer","1,552","1","4","3","111","0","0","48","6","0","0","0","0","0","0","0%"
"01-10-2022","ucbstudyabroad","2,511","-1","0","1","222","0","1","406","323","2","2","0","0","0","0","0.49%"
"01-11-2022","ucberkeleysummer","1,554","2","2","0","111","0","0","17","4","0","0","0","0","0","0","0%"
"01-11-2022","ucbstudyabroad","2,517","6","9","3","222","0","0","307","115","18","18","0","0","0","1","5.86%"
"01-12-2022","ucberkeleysummer","1,556","2","6","4","111","0","0","24","3","0","0","0","0","0","1","0%"
"01-12-2022","ucbstudyabroad","2,521","4","4","0","222","0","0","141","44","9","7","1","1","0","0","6.38%"
"01-13-2022","ucberkeleysummer","1,560","4","4","0","111","0","0","61","4","0","0","0","0","0","0","0%"
"01-13-2022","ucbstudyabroad","2,522","1","2","1","222","0","1","453","231","4","4","0","0","0","0","0.88%"
"01-14-2022","ucberkeleysummer","1,560","0","0","0","111","0","1","335","302","0","0","0","0","0","1","0%"
"01-14-2022","ucbstudyabroad","2,521","-1","3","4","222","0","0","143","75","15","15","0","0","0","0","10.49%"
"01-15-2022","ucberkeleysummer","1,562","2","6","4","111","0","0","140","106","19","19","0","0","0","1","13.57%"
"01-15-2022","ucbstudyabroad","2,521","0","3","3","222","0","0","55","27","1","0","0","1","0","0","1.82%"
"01-16-2022","ucberkeleysummer","1,566","4","4","0","111","0","0","38","16","10","4","0","6","0","0","26.32%"
"01-16-2022","ucbstudyabroad","2,524","3","4","1","222","0","0","109","15","2","2","0","0","0","0","1.83%"
"01-17-2022","ucberkeleysummer","1,568","2","2","0","111","0","0","13","8","3","2","0","1","0","0","23.08%"
"01-17-2022","ucbstudyabroad","2,522","-2","0","2","222","0","0","8","6","1","1","0","0","0","0","12.5%"
"01-18-2022","ucberkeleysummer","1,570","2","4","2","111","0","1","268","237","8","8","0","0","0","0","2.99%"
"01-18-2022","ucbstudyabroad","2,527","5","5","0","222","0","1","907","756","64","56","1","7","0","14","7.06%"
"01-19-2022","ucberkeleysummer","1,576","6","6","0","111","0","1","498","359","7","5","0","2","0","2","1.41%"
"01-19-2022","ucbstudyabroad","2,533","6","7","1","222","0","0","323","244","18","11","0","7","0","2","5.57%"
"01-20-2022","ucberkeleysummer","1,581","5","5","0","111","0","1","189","147","26","21","0","5","0","0","13.76%"
"01-20-2022","ucbstudyabroad","2,541","8","12","4","222","0","2","862","557","43","30","0","13","0","7","4.99%"
"01-21-2022","ucberkeleysummer","1,584","3","3","0","111","0","1","376","270","11","10","0","1","0","0","2.93%"
"01-21-2022","ucbstudyabroad","2,543","2","3","1","222","0","1","733","530","53","37","0","16","0","7","7.23%"
"01-22-2022","ucberkeleysummer","1,584","0","0","0","111","0","0","91","81","14","11","0","3","0","1","15.38%"
"01-22-2022","ucbstudyabroad","2,543","0","1","1","222","0","0","174","113","22","14","0","8","0","1","12.64%"
"01-23-2022","ucberkeleysummer","1,582","-2","5","7","111","0","0","81","56","7","4","0","3","0","2","8.64%"
"01-23-2022","ucbstudyabroad","2,543","0","1","1","222","0","0","56","36","5","2","0","3","0","2","8.93%"
"01-24-2022","ucberkeleysummer","1,585","3","5","2","111","0","1","463","396","18","7","0","11","0","6","3.89%"
"01-24-2022","ucbstudyabroad","2,553","10","12","2","222","0","1","721","559","12","9","1","2","0","6","1.66%"
"01-25-2022","ucberkeleysummer","1,588","3","3","0","111","0","0","85","73","62","36","0","26","0","1","72.94%"
"01-25-2022","ucbstudyabroad","2,553","0","3","3","223","1","0","460","263","51","46","0","5","0","0","11.09%"
"01-26-2022","ucberkeleysummer","1,587","-1","2","3","111","0","0","95","86","6","2","0","4","0","2","6.32%"
"01-26-2022","ucbstudyabroad","2,562","9","16","7","223","0","1","703","433","23","21","1","1","0","5","3.27%"
"01-27-2022","ucberkeleysummer","1,586","-1","4","5","111","0","0","91","74","1","0","0","1","0","0","1.1%"
"01-27-2022","ucbstudyabroad","2,569","7","8","1","223","0","1","888","548","16","13","0","3","0","15","1.8%"
"01-28-2022","ucberkeleysummer","1,589","3","3","0","111","0","12","1,419","163","0","0","0","0","0","7","0%"
"01-28-2022","ucbstudyabroad","2,573","4","4","0","223","0","0","327","163","49","43","0","6","0","2","14.98%"
"01-29-2022","ucberkeleysummer","1,590","1","2","1","111","0","0","542","89","0","0","0","0","0","1","0%"
"01-29-2022","ucbstudyabroad","2,571","-2","1","3","223","0","0","71","43","5","3","0","2","0","1","7.04%"
"01-30-2022","ucberkeleysummer","1,588","-2","0","2","110","-1","0","19","5","1","1","0","0","0","0","5.26%"
"01-30-2022","ucbstudyabroad","2,571","0","0","0","223","0","0","130","25","2","1","0","1","0","1","1.54%"
"01-31-2022","ucberkeleysummer","1,590","2","8","6","110","0","1","501","306","17","17","0","0","0","8","3.39%"
"01-31-2022","ucbstudyabroad","2,569","-2","3","5","223","0","1","422","336","19","19","0","0","0","3","4.5%"
"02-01-2022","ucberkeleysummer","1,595","5","5","0","111","1","5","953","396","48","35","0","13","0","10","5.04%"
"02-01-2022","ucbstudyabroad","2,577","8","9","1","223","0","4","1,189","561","52","40","0","12","0","28","4.37%"
"02-02-2022","ucberkeleysummer","1,601","6","6","0","111","0","0","272","114","27","10","0","17","0","4","9.93%"
"02-02-2022","ucbstudyabroad","2,577","0","3","3","223","0","0","269","124","8","7","0","1","0","3","2.97%"
"02-03-2022","ucberkeleysummer","1,602","1","1","0","111","0","0","68","43","9","7","0","2","0","0","13.24%"
"02-03-2022","ucbstudyabroad","2,576","-1","0","1","223","0","1","810","384","24","21","0","3","0","4","2.96%"
"02-04-2022","ucberkeleysummer","1,601","-1","3","4","111","0","0","20","13","5","4","0","1","0","0","25%"
"02-04-2022","ucbstudyabroad","2,577","1","2","1","223","0","0","110","77","20","20","0","0","0","1","18.18%"
"02-05-2022","ucberkeleysummer","1,599","-2","3","5","111","0","0","18","7","2","1","0","1","0","1","11.11%"
"02-05-2022","ucbstudyabroad","2,577","0","0","0","223","0","0","36","30","2","2","0","0","0","0","5.56%"
"02-06-2022","ucberkeleysummer","1,601","2","2","0","111","0","0","7","4","3","0","0","3","0","0","42.86%"
"02-06-2022","ucbstudyabroad","2,577","0","0","0","222","-1","0","26","6","3","3","0","0","0","0","11.54%"
"02-07-2022","ucberkeleysummer","1,600","-1","1","2","111","0","1","297","160","0","0","0","0","0","1","0%"
"02-07-2022","ucbstudyabroad","2,574","-3","4","7","222","0","2","961","719","16","16","0","0","0","3","1.66%"
"02-08-2022","ucberkeleysummer","1,601","1","4","3","111","0","0","139","80","1","1","0","0","0","0","0.72%"
"02-08-2022","ucbstudyabroad","2,578","4","5","1","222","0","1","602","468","75","50","0","25","0","7","12.46%"
"02-09-2022","ucberkeleysummer","1,602","1","1","0","111","0","0","73","10","0","0","0","0","0","0","0%"
"02-09-2022","ucbstudyabroad","2,580","2","2","0","222","0","7","1,526","449","30","24","0","6","0","0","1.97%"
"02-10-2022","ucberkeleysummer","1,602","0","0","0","111","0","0","33","6","0","0","0","0","0","0","0%"
"02-10-2022","ucbstudyabroad","2,580","0","1","1","222","0","1","725","381","27","24","0","3","0","0","3.72%"
"02-11-2022","ucberkeleysummer","1,604","2","3","1","111","0","0","26","9","0","0","0","0","0","1","0%"
"02-11-2022","ucbstudyabroad","2,578","-2","0","2","222","0","0","143","88","10","10","0","0","0","0","6.99%"
"02-12-2022","ucberkeleysummer","1,603","-1","3","4","111","0","0","8","2","1","1","0","0","0","1","12.5%"
"02-12-2022","ucbstudyabroad","2,578","0","2","2","222","0","0","39","35","3","3","0","0","0","0","7.69%"
"02-13-2022","ucberkeleysummer","1,601","-2","2","4","111","0","0","27","5","0","0","0","0","0","0","0%"
"02-13-2022","ucbstudyabroad","2,576","-2","1","3","222","0","0","16","11","0","0","0","0","0","0","0%"
"02-14-2022","ucberkeleysummer","1,604","3","3","0","111","0","3","585","265","7","6","0","1","0","1","1.2%"
"02-14-2022","ucbstudyabroad","2,576","0","1","1","222","0","1","331","252","0","0","0","0","0","0","0%"
"02-15-2022","ucberkeleysummer","1,607","3","5","2","111","0","2","934","307","44","40","0","4","0","3","4.71%"
"02-15-2022","ucbstudyabroad","2,576","0","2","2","222","0","1","276","195","19","19","0","0","0","1","6.88%"
"02-16-2022","ucberkeleysummer","1,609","2","6","4","111","0","0","202","101","17","11","0","6","0","1","8.42%"
"02-16-2022","ucbstudyabroad","2,577","1","1","0","222","0","1","565","366","21","20","0","1","0","1","3.72%"
"02-17-2022","ucberkeleysummer","1,612","3","5","2","111","0","1","455","354","39","19","0","20","0","2","8.57%"
"02-17-2022","ucbstudyabroad","2,577","0","5","5","221","-1","2","1,034","538","40","36","0","4","0","11","3.87%"
"02-18-2022","ucberkeleysummer","1,615","3","5","2","111","0","1","314","223","46","33","0","13","0","0","14.65%"
"02-18-2022","ucbstudyabroad","2,577","0","3","3","221","0","0","236","138","23","18","0","5","0","0","9.75%"
"02-19-2022","ucberkeleysummer","1,617","2","2","0","111","0","0","60","50","4","1","0","3","0","0","6.67%"
"02-19-2022","ucbstudyabroad","2,580","3","3","0","221","0","1","469","356","17","16","0","1","0","2","3.62%"
"02-20-2022","ucberkeleysummer","1,619","2","2","0","111","0","0","92","32","0","0","0","0","0","1","0%"
"02-20-2022","ucbstudyabroad","2,580","0","1","1","222","1","0","190","69","7","6","0","1","0","0","3.68%"
"02-21-2022","ucberkeleysummer","1,620","1","1","0","111","0","1","332","263","20","15","0","5","0","1","6.02%"
"02-21-2022","ucbstudyabroad","2,580","0","0","0","222","0","1","659","415","29","27","0","2","0","1","4.4%"
"02-22-2022","ucberkeleysummer","1,622","2","11","9","111","0","2","711","386","34","19","0","15","0","13","4.78%"
"02-22-2022","ucbstudyabroad","2,578","-2","2","4","222","0","0","135","74","6","5","0","1","0","0","4.44%"
"02-23-2022","ucberkeleysummer","1,630","8","8","0","111","0","0","206","125","29","13","0","16","0","5","14.08%"
"02-23-2022","ucbstudyabroad","2,579","1","3","2","222","0","2","928","431","25","24","0","1","0","1","2.69%"
"02-24-2022","ucberkeleysummer","1,638","8","8","0","111","0","2","426","231","18","9","0","9","0","2","4.23%"
"02-24-2022","ucbstudyabroad","2,578","-1","1","2","223","1","1","381","272","17","16","0","1","0","1","4.46%"
"02-25-2022","ucberkeleysummer","1,641","3","3","0","112","1","0","83","49","1","0","0","1","0","0","1.2%"
"02-25-2022","ucbstudyabroad","2,580","2","5","3","223","0","1","856","580","28","25","0","3","0","0","3.27%"
"02-26-2022","ucberkeleysummer","1,642","1","2","1","112","0","0","68","26","0","0","0","0","0","0","0%"
"02-26-2022","ucbstudyabroad","2,581","1","1","0","223","0","0","252","190","26","17","0","9","0","1","10.32%"
"02-27-2022","ucberkeleysummer","1,643","1","1","0","112","0","0","31","13","3","3","0","0","0","1","9.68%"
"02-27-2022","ucbstudyabroad","2,581","0","0","0","223","0","0","89","60","15","10","0","5","0","0","16.85%"
"02-28-2022","ucberkeleysummer","1,649","6","7","1","112","0","1","324","245","0","0","0","0","0","2","0%"
"02-28-2022","ucbstudyabroad","2,582","1","1","0","223","0","1","290","239","5","5","0","0","0","1","1.72%"
"03-01-2022","ucberkeleysummer","1,653","4","4","0","112","0","1","274","191","18","13","0","5","0","0","6.57%"
"03-01-2022","ucbstudyabroad","2,583","1","1","0","223","0","1","374","272","15","15","0","0","0","1","4.01%"
"03-02-2022","ucberkeleysummer","1,655","2","5","3","112","0","1","344","254","3","3","0","0","0","1","0.87%"
"03-02-2022","ucbstudyabroad","2,583","0","2","2","223","0","0","118","71","11","11","0","0","0","1","9.32%"
"03-03-2022","ucberkeleysummer","1,658","3","3","0","112","0","0","98","66","24","18","0","6","0","0","24.49%"
"03-03-2022","ucbstudyabroad","2,583","0","0","0","223","0","1","430","284","3","3","0","0","0","3","0.7%"
"03-04-2022","ucberkeleysummer","1,659","1","1","0","112","0","1","260","191","4","3","0","1","0","1","1.54%"
"03-04-2022","ucbstudyabroad","2,583","0","1","1","223","0","1","509","330","21","20","0","1","0","2","4.13%"
"03-05-2022","ucberkeleysummer","1,660","1","1","0","112","0","0","82","53","14","11","0","3","0","0","17.07%"
"03-05-2022","ucbstudyabroad","2,585","2","2","0","223","0","0","221","92","25","21","0","4","0","0","11.31%"
"03-06-2022","ucberkeleysummer","1,659","-1","3","4","112","0","0","50","20","3","2","0","1","0","0","6%"
"03-06-2022","ucbstudyabroad","2,586","1","1","0","223","0","0","34","32","2","1","0","1","0","0","5.88%"
"03-07-2022","ucberkeleysummer","1,661","2","5","3","112","0","1","319","189","1","1","0","0","0","3","0.31%"
"03-07-2022","ucbstudyabroad","2,601","15","16","1","223","0","2","2,004","1,013","9","7","1","1","0","2","0.45%"
"03-08-2022","ucberkeleysummer","1,664","3","6","3","112","0","2","443","271","12","10","0","2","0","0","2.71%"
"03-08-2022","ucbstudyabroad","2,603","2","4","2","223","0","2","706","356","116","107","6","3","0","1","16.43%"
"03-09-2022","ucberkeleysummer","1,667","3","3","0","112","0","3","732","203","28","22","0","6","0","2","3.83%"
"03-09-2022","ucbstudyabroad","2,602","-1","1","2","223","0","1","552","255","3","3","0","0","0","0","0.54%"
"03-10-2022","ucberkeleysummer","1,668","1","2","1","112","0","0","193","62","2","2","0","0","0","0","1.04%"
"03-10-2022","ucbstudyabroad","2,598","-4","1","5","223","0","0","124","56","0","0","0","0","0","0","0%"
"03-11-2022","ucberkeleysummer","1,669","1","1","0","112","0","0","41","14","3","2","0","1","0","0","7.32%"
"03-11-2022","ucbstudyabroad","2,598","0","1","1","223","0","1","415","319","1","1","0","0","0","1","0.24%"
"03-12-2022","ucberkeleysummer","1,671","2","4","2","112","0","0","20","5","0","0","0","0","0","0","0%"
"03-12-2022","ucbstudyabroad","2,596","-2","2","4","223","0","0","73","69","21","21","0","0","0","0","28.77%"
"03-13-2022","ucberkeleysummer","1,673","2","2","0","112","0","0","8","5","0","0","0","0","0","0","0%"
"03-13-2022","ucbstudyabroad","2,597","1","1","0","222","-1","0","130","30","0","0","0","0","0","0","0%"
"03-14-2022","ucberkeleysummer","1,675","2","2","0","112","0","3","628","294","2","2","0","0","0","2","0.32%"
"03-14-2022","ucbstudyabroad","2,598","1","2","1","223","1","2","867","486","4","4","0","0","0","5","0.46%"
"03-15-2022","ucberkeleysummer","1,676","1","2","1","112","0","0","330","216","24","19","0","5","0","0","7.27%"
"03-15-2022","ucbstudyabroad","2,599","1","2","1","223","0","1","912","533","62","55","0","7","0","0","6.8%"
"03-16-2022","ucberkeleysummer","1,678","2","2","0","112","0","1","294","188","8","5","0","3","0","0","2.72%"
"03-16-2022","ucbstudyabroad","2,600","1","1","0","223","0","0","182","124","16","16","0","0","0","2","8.79%"
"03-17-2022","ucberkeleysummer","1,679","1","1","0","112","0","0","115","66","12","11","0","1","0","0","10.43%"
"03-17-2022","ucbstudyabroad","2,600","0","0","0","223","0","0","113","42","12","12","0","0","0","1","10.62%"
"03-18-2022","ucberkeleysummer","1,678","-1","1","2","112","0","0","54","22","0","0","0","0","0","1","0%"
"03-18-2022","ucbstudyabroad","2,600","0","1","1","223","0","0","17","14","1","1","0","0","0","0","5.88%"
"03-19-2022","ucberkeleysummer","1,678","0","0","0","112","0","0","14","12","0","0","0","0","0","0","0%"
"03-19-2022","ucbstudyabroad","2,600","0","2","2","223","0","0","25","8","0","0","0","0","0","0","0%"
"03-20-2022","ucberkeleysummer","1,677","-1","0","1","112","0","0","5","3","0","0","0","0","0","0","0%"
"03-20-2022","ucbstudyabroad","2,601","1","3","2","223","0","0","23","8","0","0","0","0","0","0","0%"
"03-21-2022","ucberkeleysummer","1,675","-2","2","4","112","0","1","246","157","7","6","0","1","0","1","2.85%"
"03-21-2022","ucbstudyabroad","2,602","1","1","0","223","0","1","359","333","21","21","0","0","0","0","5.85%"
"03-22-2022","ucberkeleysummer","1,675","0","1","1","112","0","0","84","46","2","2","0","0","0","1","2.38%"
"03-22-2022","ucbstudyabroad","2,601","-1","2","3","223","0","0","81","55","8","7","1","0","0","0","9.88%"
"03-23-2022","ucberkeleysummer","1,676","1","2","1","112","0","0","70","28","1","1","0","0","0","0","1.43%"
"03-23-2022","ucbstudyabroad","2,599","-2","0","2","223","0","0","42","39","2","2","0","0","0","0","4.76%"
"03-24-2022","ucberkeleysummer","1,677","1","1","0","112","0","0","25","17","0","0","0","0","0","1","0%"
"03-24-2022","ucbstudyabroad","2,596","-3","5","8","223","0","1","541","486","39","36","2","1","0","1","7.21%"
"03-25-2022","ucberkeleysummer","1,674","-3","2","5","112","0","0","21","7","0","0","0","0","0","0","0%"
"03-25-2022","ucbstudyabroad","2,600","4","7","3","223","0","0","76","67","10","10","0","0","0","0","13.16%"
"03-26-2022","ucberkeleysummer","1,674","0","1","1","112","0","0","29","5","0","0","0","0","0","0","0%"
"03-26-2022","ucbstudyabroad","2,601","1","1","0","223","0","0","63","35","6","6","0","0","0","0","9.52%"
"03-27-2022","ucberkeleysummer","1,676","2","5","3","112","0","0","47","4","0","0","0","0","0","0","0%"
"03-27-2022","ucbstudyabroad","2,600","-1","1","2","223","0","0","83","13","1","1","0","0","0","0","1.2%"
"03-28-2022","ucberkeleysummer","1,678","2","2","0","112","0","1","213","155","4","4","0","0","0","1","1.88%"
"03-28-2022","ucbstudyabroad","2,600","0","1","1","223","0","0","107","9","0","0","0","0","0","0","0%"
"03-29-2022","ucberkeleysummer","1,680","2","2","0","112","0","0","83","55","9","7","0","2","0","0","10.84%"
"03-29-2022","ucbstudyabroad","2,605","5","5","0","223","0","1","864","392","12","12","0","0","0","0","1.39%"
"03-30-2022","ucberkeleysummer","1,682","2","3","1","112","0","0","79","27","4","4","0","0","0","9","5.06%"
"03-30-2022","ucbstudyabroad","2,609","4","5","1","223","0","0","245","102","2","2","0","0","0","3","0.82%"
"03-31-2022","ucberkeleysummer","1,684","2","2","0","112","0","1","172","153","0","0","0","0","0","0","0%"
"03-31-2022","ucbstudyabroad","2,609","0","2","2","223","0","0","143","35","1","1","0","0","0","1","0.7%"
"04-01-2022","ucberkeleysummer","1,686","2","4","2","112","0","0","116","63","5","5","0","0","0","0","4.31%"
"04-01-2022","ucbstudyabroad","2,610","1","2","1","223","0","0","44","17","5","2","0","3","0","0","11.36%"
"04-02-2022","ucberkeleysummer","1,688","2","3","1","112","0","0","44","22","0","0","0","0","0","0","0%"
"04-02-2022","ucbstudyabroad","2,611","1","2","1","223","0","0","25","9","0","0","0","0","0","0","0%"
"04-03-2022","ucberkeleysummer","1,689","1","2","1","112","0","0","33","14","0","0","0","0","0","0","0%"
"04-03-2022","ucbstudyabroad","2,610","-1","1","2","223","0","0","26","2","0","0","0","0","0","0","0%"
"04-04-2022","ucberkeleysummer","1,688","-1","1","2","112","0","0","73","7","0","0","0","0","0","0","0%"
"04-04-2022","ucbstudyabroad","2,612","2","4","2","223","0","0","190","15","0","0","0","0","0","0","0%"
"04-05-2022","ucberkeleysummer","1,688","0","3","3","112","0","0","42","4","0","0","0","0","0","1","0%"
"04-05-2022","ucbstudyabroad","2,614","2","4","2","223","0","1","448","315","24","24","0","0","0","0","5.36%"
"04-06-2022","ucberkeleysummer","1,691","3","5","2","112","0","0","16","7","0","0","0","0","0","0","0%"
"04-06-2022","ucbstudyabroad","2,618","4","5","1","223","0","1","471","350","36","36","0","0","0","0","7.64%"
"04-07-2022","ucberkeleysummer","1,692","1","1","0","112","0","0","19","6","0","0","0","0","0","0","0%"
"04-07-2022","ucbstudyabroad","2,619","1","4","3","223","0","0","333","220","30","28","2","0","0","0","9.01%"
"04-08-2022","ucberkeleysummer","1,694","2","6","4","112","0","4","1,346","257","3","2","0","1","0","0","0.22%"
"04-08-2022","ucbstudyabroad","2,624","5","6","1","223","0","0","516","258","9","9","0","0","0","0","1.74%"
"04-09-2022","ucberkeleysummer","1,697","3","3","0","112","0","2","713","299","12","11","0","1","0","2","1.68%"
"04-09-2022","ucbstudyabroad","2,624","0","0","0","223","0","0","318","69","2","2","0","0","0","0","0.63%"
"04-10-2022","ucberkeleysummer","1,697","0","4","4","112","0","0","293","121","6","5","0","1","0","1","2.05%"
"04-10-2022","ucbstudyabroad","2,627","3","4","1","223","0","0","38","9","0","0","0","0","0","1","0%"
"04-11-2022","ucberkeleysummer","1,698","1","1","0","112","0","1","290","218","16","11","1","4","0","4","5.52%"
"04-11-2022","ucbstudyabroad","2,623","-4","1","5","223","0","0","56","11","0","0","0","0","0","0","0%"
"04-12-2022","ucberkeleysummer","1,698","0","2","2","112","0","1","254","165","5","5","0","0","0","1","1.97%"
"04-12-2022","ucbstudyabroad","2,623","0","2","2","223","0","0","139","16","0","0","0","0","0","0","0%"
"04-13-2022","ucberkeleysummer","1,697","-1","2","3","112","0","0","97","53","4","2","0","2","0","1","4.12%"
"04-13-2022","ucbstudyabroad","2,623","0","3","3","223","0","1","579","464","41","41","0","0","0","0","7.08%"
"04-14-2022","ucberkeleysummer","1,697","0","2","2","112","0","1","244","140","4","3","0","1","0","0","1.64%"
"04-14-2022","ucbstudyabroad","2,625","2","2","0","223","0","0","196","146","24","23","0","1","0","0","12.24%"
"04-15-2022","ucberkeleysummer","1,699","2","2","0","112","0","0","85","42","2","2","0","0","0","0","2.35%"
"04-15-2022","ucbstudyabroad","2,626","1","1","0","223","0","1","478","392","29","28","0","1","0","0","6.07%"
"04-16-2022","ucberkeleysummer","1,703","4","4","0","112","0","0","94","21","0","0","0","0","0","0","0%"
"04-16-2022","ucbstudyabroad","2,629","3","5","2","223","0","0","80","66","6","6","0","0","0","0","7.5%"
"04-17-2022","ucberkeleysummer","1,707","4","4","0","112","0","0","62","11","0","0","0","0","0","2","0%"
"04-17-2022","ucbstudyabroad","2,629","0","0","0","223","0","0","112","36","0","0","0","0","0","2","0%"
"04-18-2022","ucberkeleysummer","1,709","2","2","0","112","0","2","481","216","7","4","0","3","0","1","1.46%"
"04-18-2022","ucbstudyabroad","2,629","0","1","1","223","0","0","48","14","1","1","0","0","0","0","2.08%"
"04-19-2022","ucberkeleysummer","1,710","1","1","0","112","0","1","326","194","8","7","0","1","0","0","2.45%"
"04-19-2022","ucbstudyabroad","2,633","4","4","0","223","0","1","394","293","10","9","1","0","0","0","2.54%"
"04-20-2022","ucberkeleysummer","1,710","0","3","3","112","0","0","113","48","1","1","0","0","0","0","0.88%"
"04-20-2022","ucbstudyabroad","2,633","0","0","0","223","0","1","537","383","27","19","0","8","0","2","5.03%"
"04-21-2022","ucberkeleysummer","1,711","1","3","2","112","0","1","345","222","6","3","0","3","0","0","1.74%"
"04-21-2022","ucbstudyabroad","2,635","2","3","1","223","0","1","546","403","51","41","0","10","0","3","9.34%"
"04-22-2022","ucberkeleysummer","1,715","4","4","0","112","0","0","63","50","4","2","1","1","0","0","6.35%"
"04-22-2022","ucbstudyabroad","2,635","0","3","3","223","0","0","144","83","12","10","0","2","0","1","8.33%"
"04-23-2022","ucberkeleysummer","1,716","1","1","0","112","0","0","67","22","0","0","0","0","0","1","0%"
"04-23-2022","ucbstudyabroad","2,636","1","3","2","223","0","0","60","38","0","0","0","0","0","2","0%"
"04-24-2022","ucberkeleysummer","1,719","3","7","4","112","0","0","108","16","0","0","0","0","0","0","0%"
"04-24-2022","ucbstudyabroad","2,640","4","4","0","223","0","0","57","17","0","0","0","0","0","0","0%"
"04-25-2022","ucberkeleysummer","1,721","2","2","0","112","0","1","228","184","4","4","0","0","0","0","1.75%"
"04-25-2022","ucbstudyabroad","2,639","-1","0","1","223","0","0","49","14","0","0","0","0","0","0","0%"
"04-26-2022","ucberkeleysummer","1,724","3","3","0","112","0","0","60","47","3","2","0","1","0","0","5%"
"04-26-2022","ucbstudyabroad","2,636","-3","0","3","223","0","1","468","308","3","2","0","1","0","3","0.64%"
"04-27-2022","ucberkeleysummer","1,724","0","0","0","112","0","1","186","141","6","5","0","1","0","0","3.23%"
"04-27-2022","ucbstudyabroad","2,639","3","7","4","223","0","1","370","258","15","15","0","0","0","0","4.05%"
"04-28-2022","ucberkeleysummer","1,723","-1","0","1","112","0","1","251","124","2","1","0","1","0","2","0.8%"
"04-28-2022","ucbstudyabroad","2,639","0","0","0","223","0","0","99","47","9","8","0","1","0","0","9.09%"
"04-29-2022","ucberkeleysummer","1,722","-1","2","3","112","0","1","288","148","10","7","1","2","0","1","3.47%"
"04-29-2022","ucbstudyabroad","2,641","2","2","0","223","0","0","124","32","5","5","0","0","0","0","4.03%"
"04-30-2022","ucberkeleysummer","1,723","1","1","0","112","0","0","61","35","2","1","0","1","0","2","3.28%"
"04-30-2022","ucbstudyabroad","2,641","0","2","2","223","0","0","11","8","0","0","0","0","0","0","0%"
"05-01-2022","ucberkeleysummer","1,721","-2","0","2","112","0","0","76","23","0","0","0","0","0","0","0%"
"05-01-2022","ucbstudyabroad","2,644","3","5","2","223","0","0","35","13","0","0","0","0","0","0","0%"
"05-02-2022","ucberkeleysummer","1,721","0","3","3","112","0","1","182","134","2","2","0","0","0","0","1.1%"
"05-02-2022","ucbstudyabroad","2,651","7","7","0","223","0","1","331","286","5","4","1","0","0","0","1.51%"
"05-03-2022","ucberkeleysummer","1,722","1","2","1","112","0","0","61","29","3","2","0","1","0","0","4.92%"
"05-03-2022","ucbstudyabroad","2,652","1","1","0","223","0","0","111","54","13","13","0","0","0","0","11.71%"
"05-04-2022","ucberkeleysummer","1,721","-1","5","6","112","0","2","292","142","3","2","1","0","0","0","1.03%"
"05-04-2022","ucbstudyabroad","2,652","0","1","1","223","0","0","52","25","6","6","0","0","0","1","11.54%"
"05-05-2022","ucberkeleysummer","1,725","4","5","1","112","0","1","228","118","4","3","0","1","0","0","1.75%"
"05-05-2022","ucbstudyabroad","2,652","0","0","0","223","0","0","96","20","1","1","0","0","0","0","1.04%"
"05-06-2022","ucberkeleysummer","1,729","4","4","0","112","0","1","193","118","24","3","0","21","0","0","12.44%"
"05-06-2022","ucbstudyabroad","2,651","-1","1","2","223","0","1","539","326","16","16","0","0","0","0","2.97%"
"05-07-2022","ucberkeleysummer","1,730","1","1","0","112","0","0","80","55","22","1","0","21","0","0","27.5%"
"05-07-2022","ucbstudyabroad","2,648","-3","0","3","223","0","0","89","80","5","5","0","0","0","0","5.62%"
"05-08-2022","ucberkeleysummer","1,730","0","0","0","112","0","0","38","32","2","2","0","0","0","0","5.26%"
"05-08-2022","ucbstudyabroad","2,649","1","2","1","223","0","0","33","32","2","2","0","0","0","0","6.06%"
"05-09-2022","ucberkeleysummer","1,729","-1","0","1","112","0","1","168","116","2","2","0","0","0","1","1.19%"
"05-09-2022","ucbstudyabroad","2,647","-2","2","4","223","0","0","133","16","1","1","0","0","0","2","0.75%"
"05-10-2022","ucberkeleysummer","1,727","-2","1","3","112","0","1","135","102","1","1","0","0","0","0","0.74%"
"05-10-2022","ucbstudyabroad","2,648","1","1","0","223","0","1","432","362","21","21","0","0","0","0","4.86%"
"05-11-2022","ucberkeleysummer","1,724","-3","2","5","112","0","1","460","186","2","2","0","0","0","0","0.43%"
"05-11-2022","ucbstudyabroad","2,647","-1","3","4","223","0","0","105","64","4","3","1","0","0","0","3.81%"
"05-12-2022","ucberkeleysummer","1,724","0","2","2","112","0","1","333","146","6","0","0","6","0","0","1.8%"
"05-12-2022","ucbstudyabroad","2,647","0","0","0","223","0","1","315","272","1","1","0","0","0","0","0.32%"
"05-13-2022","ucberkeleysummer","1,722","-2","1","3","112","0","0","35","27","7","6","0","1","0","0","20%"
"05-13-2022","ucbstudyabroad","2,646","-1","2","3","223","0","0","89","75","18","18","0","0","0","0","20.22%"
"05-14-2022","ucberkeleysummer","1,725","3","4","1","112","0","0","42","18","1","1","0","0","0","0","2.38%"
"05-14-2022","ucbstudyabroad","2,647","1","1","0","223","0","0","31","29","2","2","0","0","0","0","6.45%"
"05-15-2022","ucberkeleysummer","1,723","-2","1","3","112","0","0","24","10","0","0","0","0","0","1","0%"
"05-15-2022","ucbstudyabroad","2,647","0","0","0","223","0","0","27","21","1","1","0","0","0","0","3.7%"
"05-16-2022","ucberkeleysummer","1,724","1","4","3","112","0","1","197","113","1","1","0","0","0","1","0.51%"
"05-16-2022","ucbstudyabroad","2,649","2","2","0","223","0","1","406","305","12","12","0","0","0","0","2.96%"
"05-17-2022","ucberkeleysummer","1,726","2","2","0","112","0","1","228","138","3","3","0","0","0","1","1.32%"
"05-17-2022","ucbstudyabroad","2,650","1","1","0","223","0","0","136","69","4","4","0","0","0","0","2.94%"
"05-18-2022","ucberkeleysummer","1,728","2","2","0","112","0","1","211","113","0","0","0","0","0","1","0%"
"05-18-2022","ucbstudyabroad","2,649","-1","2","3","223","0","0","112","38","3","3","0","0","0","0","2.68%"
"05-19-2022","ucberkeleysummer","1,732","4","6","2","112","0","6","927","240","9","9","0","0","0","1","0.97%"
"05-19-2022","ucbstudyabroad","2,645","-4","0","4","223","0","1","257","219","12","12","0","0","0","0","4.67%"
"05-20-2022","ucberkeleysummer","1,733","1","1","0","112","0","1","484","201","8","8","0","0","0","1","1.65%"
"05-20-2022","ucbstudyabroad","2,645","0","1","1","223","0","0","78","63","3","3","0","0","0","0","3.85%"
"05-21-2022","ucberkeleysummer","1,734","1","1","0","112","0","0","102","60","4","4","0","0","0","0","3.92%"
"05-21-2022","ucbstudyabroad","2,649","4","6","2","223","0","0","86","25","4","4","0","0","0","0","4.65%"
"05-22-2022","ucberkeleysummer","1,734","0","1","1","112","0","0","97","29","0","0","0","0","0","0","0%"
"05-22-2022","ucbstudyabroad","2,650","1","1","0","223","0","0","46","15","1","1","0","0","0","1","2.17%"
"05-23-2022","ucberkeleysummer","1,733","-1","2","3","112","0","2","430","272","2","1","0","1","0","1","0.47%"
"05-23-2022","ucbstudyabroad","2,649","-1","3","4","223","0","0","75","8","0","0","0","0","0","0","0%"
"05-24-2022","ucberkeleysummer","1,735","2","3","1","112","0","0","125","88","24","22","0","2","0","1","19.2%"
"05-24-2022","ucbstudyabroad","2,648","-1","0","1","223","0","0","71","11","0","0","0","0","0","0","0%"
"05-25-2022","ucberkeleysummer","1,735","0","0","0","112","0","0","42","31","2","2","0","0","0","1","4.76%"
"05-25-2022","ucbstudyabroad","2,651","3","6","3","222","-1","0","72","59","0","0","0","0","0","0","0%"
"05-26-2022","ucberkeleysummer","1,736","1","1","0","112","0","0","107","103","0","0","0","0","0","0","0%"
"05-26-2022","ucbstudyabroad","2,651","0","0","0","222","0","0","23","15","8","8","0","0","0","1","34.78%"
"05-27-2022","ucberkeleysummer","1,738","2","3","1","112","0","0","59","34","0","0","0","0","0","0","0%"
"05-27-2022","ucbstudyabroad","2,653","2","2","0","222","0","4","1,256","453","1","1","0","0","0","0","0.08%"
"05-28-2022","ucberkeleysummer","1,739","1","1","0","111","-1","0","41","10","0","0","0","0","0","0","0%"
"05-28-2022","ucbstudyabroad","2,650","-3","1","4","222","0","0","340","191","18","15","0","3","0","4","5.29%"
"05-29-2022","ucberkeleysummer","1,740","1","4","3","111","0","0","38","9","0","0","0","0","0","0","0%"
"05-29-2022","ucbstudyabroad","2,650","0","3","3","222","0","0","67","59","14","13","0","1","0","1","20.9%"
"05-30-2022","ucberkeleysummer","1,742","2","2","0","111","0","0","22","3","0","0","0","0","0","0","0%"
"05-30-2022","ucbstudyabroad","2,652","2","2","0","222","0","0","53","31","3","3","0","0","0","0","5.66%"
"05-31-2022","ucberkeleysummer","1,743","1","1","0","111","0","1","210","143","0","0","0","0","0","1","0%"
"05-31-2022","ucbstudyabroad","2,655","3","3","0","222","0","0","20","7","0","0","0","0","0","4","0%"
"06-01-2022","ucberkeleysummer","1,744","1","2","1","111","0","0","93","53","2","2","0","0","0","1","2.15%"
"06-01-2022","ucbstudyabroad","2,659","4","4","0","223","1","1","815","516","25","18","0","7","0","4","3.07%"
"06-02-2022","ucberkeleysummer","1,745","1","1","0","111","0","0","23","21","0","0","0","0","0","1","0%"
"06-02-2022","ucbstudyabroad","2,657","-2","0","2","223","0","0","116","91","12","7","0","5","0","1","10.34%"
"06-03-2022","ucberkeleysummer","1,746","1","1","0","111","0","0","57","9","0","0","0","0","0","0","0%"
"06-03-2022","ucbstudyabroad","2,660","3","4","1","223","0","1","352","251","15","15","0","0","0","0","4.26%"
"06-04-2022","ucberkeleysummer","1,749","3","5","2","111","0","0","23","6","0","0","0","0","0","1","0%"
"06-04-2022","ucbstudyabroad","2,660","0","2","2","223","0","0","130","87","2","2","0","0","0","0","1.54%"
"06-05-2022","ucberkeleysummer","1,752","3","3","0","111","0","0","139","11","0","0","0","0","0","0","0%"
"06-05-2022","ucbstudyabroad","2,660","0","0","0","222","-1","0","51","32","4","4","0","0","0","0","7.84%"
"06-06-2022","ucberkeleysummer","1,756","4","6","2","111","0","1","221","171","8","8","0","0","0","1","3.62%"
"06-06-2022","ucbstudyabroad","2,660","0","3","3","223","1","0","199","18","1","1","0","0","0","1","0.5%"
"06-07-2022","ucberkeleysummer","1,758","2","2","0","111","0","0","90","46","5","5","0","0","0","1","5.56%"
"06-07-2022","ucbstudyabroad","2,660","0","2","2","223","0","1","460","392","21","21","0","0","0","0","4.57%"
"06-08-2022","ucberkeleysummer","1,759","1","1","0","111","0","0","22","14","1","1","0","0","0","0","4.55%"
"06-08-2022","ucbstudyabroad","2,669","9","12","3","223","0","0","380","85","4","4","0","0","0","0","1.05%"
"06-09-2022","ucberkeleysummer","1,760","1","2","1","111","0","0","47","12","1","1","0","0","0","1","2.13%"
"06-09-2022","ucbstudyabroad","2,677","8","8","0","223","0","1","750","354","26","26","0","0","0","1","3.47%"
"06-10-2022","ucberkeleysummer","1,759","-1","0","1","111","0","0","43","7","0","0","0","0","0","0","0%"
"06-10-2022","ucbstudyabroad","2,680","3","3","0","223","0","0","207","96","14","14","0","0","0","0","6.76%"
"06-11-2022","ucberkeleysummer","1,760","1","1","0","111","0","0","12","7","0","0","0","0","0","2","0%"
"06-11-2022","ucbstudyabroad","2,681","1","1","0","223","0","0","65","48","4","3","0","1","0","0","6.15%"
"06-12-2022","ucberkeleysummer","1,761","1","3","2","111","0","0","5","2","0","0","0","0","0","0","0%"
"06-12-2022","ucbstudyabroad","2,681","0","1","1","223","0","0","65","11","2","2","0","0","0","0","3.08%"
"06-13-2022","ucberkeleysummer","1,761","0","1","1","111","0","1","236","206","9","7","0","2","0","2","3.81%"
"06-13-2022","ucbstudyabroad","2,686","5","7","2","223","0","1","575","379","25","24","0","1","0","0","4.35%"
"06-14-2022","ucberkeleysummer","1,762","1","1","0","111","0","1","356","168","11","6","0","5","0","3","3.09%"
"06-14-2022","ucbstudyabroad","2,684","-2","3","5","223","0","0","188","92","18","18","0","0","0","3","9.57%"
"06-15-2022","ucberkeleysummer","1,763","1","3","2","111","0","0","116","59","1","1","0","0","0","0","0.86%"
"06-15-2022","ucbstudyabroad","2,684","0","4","4","223","0","0","624","299","3","3","0","0","0","2","0.48%"
"06-16-2022","ucberkeleysummer","1,764","1","1","0","111","0","0","44","6","0","0","0","0","0","0","0%"
"06-16-2022","ucbstudyabroad","2,682","-2","0","2","226","3","1","432","330","16","15","0","1","0","2","3.7%"
"06-17-2022","ucberkeleysummer","1,763","-1","1","2","111","0","0","115","22","0","0","0","0","0","1","0%"
"06-17-2022","ucbstudyabroad","2,689","7","10","3","226","0","0","385","166","32","32","0","0","0","2","8.31%"
"06-18-2022","ucberkeleysummer","1,763","0","1","1","111","0","0","34","7","0","0","0","0","0","0","0%"
"06-18-2022","ucbstudyabroad","2,694","5","5","0","226","0","0","140","63","9","9","0","0","0","1","6.43%"
"06-19-2022","ucberkeleysummer","1,763","0","2","2","111","0","0","8","6","0","0","0","0","0","0","0%"
"06-19-2022","ucbstudyabroad","2,698","4","4","0","226","0","1","401","317","7","6","0","1","0","0","1.75%"
"06-20-2022","ucberkeleysummer","1,764","1","1","0","111","0","0","49","7","1","0","0","1","0","0","2.04%"
"06-20-2022","ucbstudyabroad","2,697","-1","2","3","226","0","0","169","115","32","29","0","3","0","1","18.93%"
"06-21-2022","ucberkeleysummer","1,766","2","3","1","111","0","1","267","174","14","14","0","0","0","1","5.24%"
"06-21-2022","ucbstudyabroad","2,697","0","1","1","226","0","0","97","49","3","3","0","0","0","0","3.09%"
"06-22-2022","ucberkeleysummer","1,768","2","2","0","111","0","0","70","36","3","3","0","0","0","0","4.29%"
"06-22-2022","ucbstudyabroad","2,698","1","2","1","226","0","1","473","389","30","29","0","1","0","2","6.34%"
"06-23-2022","ucberkeleysummer","1,771","3","3","0","111","0","0","62","19","0","0","0","0","0","2","0%"
"06-23-2022","ucbstudyabroad","2,705","7","8","1","226","0","0","412","117","10","9","1","0","0","3","2.43%"
"06-24-2022","ucberkeleysummer","1,771","0","0","0","111","0","0","49","11","1","1","0","0","0","3","2.04%"
"06-24-2022","ucbstudyabroad","2,710","5","5","0","226","0","0","134","60","5","5","0","0","0","0","3.73%"
"06-25-2022","ucberkeleysummer","1,771","0","0","0","111","0","0","12","3","0","0","0","0","0","0","0%"
"06-25-2022","ucbstudyabroad","2,707","-3","0","3","226","0","1","347","307","14","14","0","0","0","0","4.03%"
"06-26-2022","ucberkeleysummer","1,770","-1","0","1","111","0","0","16","13","0","0","0","0","0","0","0%"
"06-26-2022","ucbstudyabroad","2,707","0","1","1","226","0","0","190","138","6","6","0","0","0","0","3.16%"
"06-27-2022","ucberkeleysummer","1,768","-2","2","4","111","0","0","66","11","0","0","0","0","0","0","0%"
"06-27-2022","ucbstudyabroad","2,709","2","2","0","226","0","1","472","340","23","23","0","0","0","0","4.87%"
"06-28-2022","ucberkeleysummer","1,767","-1","0","1","111","0","0","70","6","0","0","0","0","0","1","0%"
"06-28-2022","ucbstudyabroad","2,709","0","0","0","226","0","0","135","75","7","5","1","1","0","0","5.19%"
"06-29-2022","ucberkeleysummer","1,767","0","0","0","111","0","0","32","9","0","0","0","0","0","0","0%"
"06-29-2022","ucbstudyabroad","2,709","0","0","0","226","0","0","67","33","0","0","0","0","0","0","0%"
"06-30-2022","ucberkeleysummer","1,770","3","3","0","111","0","0","","","0","0","0","0","0","",""
"06-30-2022","ucbstudyabroad","","","","","","","0","","","0","0","0","0","0","",""
